"","years","rmodel","SSBmed","SSBmin","SSBmax","Rmed","Rmin","Rmax","Fmed","Fmin","Fmax","Cmed","Cmin","Cmax"
"1",1977,"env_EM_OM1",44388.1633277794,44388.1633277794,44388.1633277794,1164705.71597705,1164705.71597705,1164705.71597705,0.734208068905754,0.734208068905754,0.734208068905754,22617.6911812932,22617.6911812932,22617.6911812932
"2",1977,"no_env_EM_OM2",44388.1633277794,44388.1633277794,44388.1633277794,1164705.71597705,1164705.71597705,1164705.71597705,0.734208068905754,0.734208068905754,0.734208068905754,22617.6911812932,22617.6911812932,22617.6911812932
"3",1978,"env_EM_OM1",39182.7558832113,39182.7558832113,39182.7558832113,1026640.50557747,1026640.50557747,1026640.50557747,0.538035250431146,0.538035250431146,0.538035250431146,16514.3609792651,16514.3609792651,16514.3609792651
"4",1978,"no_env_EM_OM2",39182.7558832113,39182.7558832113,39182.7558832113,1026640.50557747,1026640.50557747,1026640.50557747,0.538035250431146,0.538035250431146,0.538035250431146,16514.3609792651,16514.3609792651,16514.3609792651
"5",1979,"env_EM_OM1",34611.4050281031,34611.4050281031,34611.4050281031,1096989.21546245,1096989.21546245,1096989.21546245,0.516197992098438,0.516197992098438,0.516197992098438,15743.9955367463,15743.9955367463,15743.9955367463
"6",1979,"no_env_EM_OM2",34611.4050281031,34611.4050281031,34611.4050281031,1096989.21546245,1096989.21546245,1096989.21546245,0.516197992098438,0.516197992098438,0.516197992098438,15743.9955367463,15743.9955367463,15743.9955367463
"7",1980,"env_EM_OM1",36041.7579788517,36041.7579788517,36041.7579788517,979012.52779194,979012.52779194,979012.52779194,0.454896578119301,0.454896578119301,0.454896578119301,14597.7718119163,14597.7718119163,14597.7718119163
"8",1980,"no_env_EM_OM2",36041.7579788517,36041.7579788517,36041.7579788517,979012.52779194,979012.52779194,979012.52779194,0.454896578119301,0.454896578119301,0.454896578119301,14597.7718119163,14597.7718119163,14597.7718119163
"9",1981,"env_EM_OM1",36986.682227549,36986.682227549,36986.682227549,1902805.73172165,1902805.73172165,1902805.73172165,0.474895757322161,0.474895757322161,0.474895757322161,14894.0406160895,14894.0406160895,14894.0406160895
"10",1981,"no_env_EM_OM2",36986.682227549,36986.682227549,36986.682227549,1902805.73172165,1902805.73172165,1902805.73172165,0.474895757322161,0.474895757322161,0.474895757322161,14894.0406160895,14894.0406160895,14894.0406160895
"11",1982,"env_EM_OM1",35156.6817392781,35156.6817392781,35156.6817392781,1459433.91301915,1459433.91301915,1459433.91301915,0.455897981638435,0.455897981638435,0.455897981638435,14832.4689832481,14832.4689832481,14832.4689832481
"12",1982,"no_env_EM_OM2",35156.6817392781,35156.6817392781,35156.6817392781,1459433.91301915,1459433.91301915,1459433.91301915,0.455897981638435,0.455897981638435,0.455897981638435,14832.4689832481,14832.4689832481,14832.4689832481
"13",1983,"env_EM_OM1",43615.0619175348,43615.0619175348,43615.0619175348,2798100.75502288,2798100.75502288,2798100.75502288,0.480998952872682,0.480998952872682,0.480998952872682,17643.4673146774,17643.4673146774,17643.4673146774
"14",1983,"no_env_EM_OM2",43615.0619175348,43615.0619175348,43615.0619175348,2798100.75502288,2798100.75502288,2798100.75502288,0.480998952872682,0.480998952872682,0.480998952872682,17643.4673146774,17643.4673146774,17643.4673146774
"15",1984,"env_EM_OM1",34985.1675746321,34985.1675746321,34985.1675746321,1641443.18106757,1641443.18106757,1641443.18106757,0.515024039215716,0.515024039215716,0.515024039215716,16119.9245772488,16119.9245772488,16119.9245772488
"16",1984,"no_env_EM_OM2",34985.1675746321,34985.1675746321,34985.1675746321,1641443.18106757,1641443.18106757,1641443.18106757,0.515024039215716,0.515024039215716,0.515024039215716,16119.9245772488,16119.9245772488,16119.9245772488
"17",1985,"env_EM_OM1",48695.8794227596,48695.8794227596,48695.8794227596,1291981.42775299,1291981.42775299,1291981.42775299,0.438523189863372,0.438523189863372,0.438523189863372,17443.5260263365,17443.5260263365,17443.5260263365
"18",1985,"no_env_EM_OM2",48695.8794227596,48695.8794227596,48695.8794227596,1291981.42775299,1291981.42775299,1291981.42775299,0.438523189863372,0.438523189863372,0.438523189863372,17443.5260263365,17443.5260263365,17443.5260263365
"19",1986,"env_EM_OM1",58460.1111734127,58460.1111734127,58460.1111734127,4213227.65644964,4213227.65644964,4213227.65644964,0.354187295223987,0.354187295223987,0.354187295223987,17476.0667064873,17476.0667064873,17476.0667064873
"20",1986,"no_env_EM_OM2",58460.1111734127,58460.1111734127,58460.1111734127,4213227.65644964,4213227.65644964,4213227.65644964,0.354187295223987,0.354187295223987,0.354187295223987,17476.0667064873,17476.0667064873,17476.0667064873
"21",1987,"env_EM_OM1",46877.038174343,46877.038174343,46877.038174343,677652.133746901,677652.133746901,677652.133746901,0.252204015679298,0.252204015679298,0.252204015679298,12307.0105376348,12307.0105376348,12307.0105376348
"22",1987,"no_env_EM_OM2",46877.038174343,46877.038174343,46877.038174343,677652.133746901,677652.133746901,677652.133746901,0.252204015679298,0.252204015679298,0.252204015679298,12307.0105376348,12307.0105376348,12307.0105376348
"23",1988,"env_EM_OM1",83903.8045061761,83903.8045061761,83903.8045061761,1495144.25632169,1495144.25632169,1495144.25632169,0.278457938789992,0.278457938789992,0.278457938789992,18726.7161328078,18726.7161328078,18726.7161328078
"24",1988,"no_env_EM_OM2",83903.8045061761,83903.8045061761,83903.8045061761,1495144.25632169,1495144.25632169,1495144.25632169,0.278457938789992,0.278457938789992,0.278457938789992,18726.7161328078,18726.7161328078,18726.7161328078
"25",1989,"env_EM_OM1",54118.046678791,54118.046678791,54118.046678791,3983571.20526471,3983571.20526471,3983571.20526471,0.230928861572073,0.230928861572073,0.230928861572073,11685.1021745809,11685.1021745809,11685.1021745809
"26",1989,"no_env_EM_OM2",54118.046678791,54118.046678791,54118.046678791,3983571.20526471,3983571.20526471,3983571.20526471,0.230928861572073,0.230928861572073,0.230928861572073,11685.1021745809,11685.1021745809,11685.1021745809
"27",1990,"env_EM_OM1",70646.6598310493,70646.6598310493,70646.6598310493,4365582.01392792,4365582.01392792,4365582.01392792,0.175598216668203,0.175598216668203,0.175598216668203,13698.512284126,13698.512284126,13698.512284126
"28",1990,"no_env_EM_OM2",70646.6598310493,70646.6598310493,70646.6598310493,4365582.01392792,4365582.01392792,4365582.01392792,0.175598216668203,0.175598216668203,0.175598216668203,13698.512284126,13698.512284126,13698.512284126
"29",1991,"env_EM_OM1",73955.1887958753,73955.1887958753,73955.1887958753,5090211.82639326,5090211.82639326,5090211.82639326,0.23312602859476,0.23312602859476,0.23312602859476,15928.8184929852,15928.8184929852,15928.8184929852
"30",1991,"no_env_EM_OM2",73955.1887958753,73955.1887958753,73955.1887958753,5090211.82639326,5090211.82639326,5090211.82639326,0.23312602859476,0.23312602859476,0.23312602859476,15928.8184929852,15928.8184929852,15928.8184929852
"31",1992,"env_EM_OM1",90653.862507217,90653.862507217,90653.862507217,3924176.12850599,3924176.12850599,3924176.12850599,0.255103140379222,0.255103140379222,0.255103140379222,21065.2346970141,21065.2346970141,21065.2346970141
"32",1992,"no_env_EM_OM2",90653.862507217,90653.862507217,90653.862507217,3924176.12850599,3924176.12850599,3924176.12850599,0.255103140379222,0.255103140379222,0.255103140379222,21065.2346970141,21065.2346970141,21065.2346970141
"33",1993,"env_EM_OM1",106743.305532827,106743.305532827,106743.305532827,3438583.83739141,3438583.83739141,3438583.83739141,0.233258809823759,0.233258809823759,0.233258809823759,22560.7100623266,22560.7100623266,22560.7100623266
"34",1993,"no_env_EM_OM2",106743.305532827,106743.305532827,106743.305532827,3438583.83739141,3438583.83739141,3438583.83739141,0.233258809823759,0.233258809823759,0.233258809823759,22560.7100623266,22560.7100623266,22560.7100623266
"35",1994,"env_EM_OM1",112418.229749229,112418.229749229,112418.229749229,4104470.85518611,4104470.85518611,4104470.85518611,0.241379280547629,0.241379280547629,0.241379280547629,24706.1361022228,24706.1361022228,24706.1361022228
"36",1994,"no_env_EM_OM2",112418.229749229,112418.229749229,112418.229749229,4104470.85518611,4104470.85518611,4104470.85518611,0.241379280547629,0.241379280547629,0.241379280547629,24706.1361022228,24706.1361022228,24706.1361022228
"37",1995,"env_EM_OM1",105375.173519614,105375.173519614,105375.173519614,5780849.57486228,5780849.57486228,5780849.57486228,0.321942318210455,0.321942318210455,0.321942318210455,31685.1169691826,31685.1169691826,31685.1169691826
"38",1995,"no_env_EM_OM2",105375.173519614,105375.173519614,105375.173519614,5780849.57486228,5780849.57486228,5780849.57486228,0.321942318210455,0.321942318210455,0.321942318210455,31685.1169691826,31685.1169691826,31685.1169691826
"39",1996,"env_EM_OM1",95136.7348135135,95136.7348135135,95136.7348135135,2096471.29207786,2096471.29207786,2096471.29207786,0.366596815158829,0.366596815158829,0.366596815158829,33093.2522059328,33093.2522059328,33093.2522059328
"40",1996,"no_env_EM_OM2",95136.7348135135,95136.7348135135,95136.7348135135,2096471.29207786,2096471.29207786,2096471.29207786,0.366596815158829,0.366596815158829,0.366596815158829,33093.2522059328,33093.2522059328,33093.2522059328
"41",1997,"env_EM_OM1",97552.2229456989,97552.2229456989,97552.2229456989,3633762.19226956,3633762.19226956,3633762.19226956,0.424209844724023,0.424209844724023,0.424209844724023,34045.4384155464,34045.4384155464,34045.4384155464
"42",1997,"no_env_EM_OM2",97552.2229456989,97552.2229456989,97552.2229456989,3633762.19226956,3633762.19226956,3633762.19226956,0.424209844724023,0.424209844724023,0.424209844724023,34045.4384155464,34045.4384155464,34045.4384155464
"43",1998,"env_EM_OM1",83648.5646759459,83648.5646759459,83648.5646759459,3476687.97033357,3476687.97033357,3476687.97033357,0.411687509365097,0.411687509365097,0.411687509365097,31335.0076311502,31335.0076311502,31335.0076311502
"44",1998,"no_env_EM_OM2",83648.5646759459,83648.5646759459,83648.5646759459,3476687.97033357,3476687.97033357,3476687.97033357,0.411687509365097,0.411687509365097,0.411687509365097,31335.0076311502,31335.0076311502,31335.0076311502
"45",1999,"env_EM_OM1",89355.7639616781,89355.7639616781,89355.7639616781,2989114.18187833,2989114.18187833,2989114.18187833,0.403017529771523,0.403017529771523,0.403017529771523,33136.3246724163,33136.3246724163,33136.3246724163
"46",1999,"no_env_EM_OM2",89355.7639616781,89355.7639616781,89355.7639616781,2989114.18187833,2989114.18187833,2989114.18187833,0.403017529771523,0.403017529771523,0.403017529771523,33136.3246724163,33136.3246724163,33136.3246724163
"47",2000,"env_EM_OM1",90246.7154130318,90246.7154130318,90246.7154130318,6727618.11910545,6727618.11910545,6727618.11910545,0.425394060230538,0.425394060230538,0.425394060230538,33217.4082097842,33217.4082097842,33217.4082097842
"48",2000,"no_env_EM_OM2",90246.7154130318,90246.7154130318,90246.7154130318,6727618.11910545,6727618.11910545,6727618.11910545,0.425394060230538,0.425394060230538,0.425394060230538,33217.4082097842,33217.4082097842,33217.4082097842
"49",2001,"env_EM_OM1",82224.0326234492,82224.0326234492,82224.0326234492,2533188.74599299,2533188.74599299,2533188.74599299,0.481328040252291,0.481328040252291,0.481328040252291,36952.0276058492,36952.0276058492,36952.0276058492
"50",2001,"no_env_EM_OM2",82224.0326234492,82224.0326234492,82224.0326234492,2533188.74599299,2533188.74599299,2533188.74599299,0.481328040252291,0.481328040252291,0.481328040252291,36952.0276058492,36952.0276058492,36952.0276058492
"51",2002,"env_EM_OM1",101037.394692534,101037.394692534,101037.394692534,10144075.4159882,10144075.4159882,10144075.4159882,0.476247520033554,0.476247520033554,0.476247520033554,37326.1606516277,37326.1606516277,37326.1606516277
"52",2002,"no_env_EM_OM2",101037.394692534,101037.394692534,101037.394692534,10144075.4159882,10144075.4159882,10144075.4159882,0.476247520033554,0.476247520033554,0.476247520033554,37326.1606516277,37326.1606516277,37326.1606516277
"53",2003,"env_EM_OM1",87323.8950181953,87323.8950181953,87323.8950181953,1175908.76252829,1175908.76252829,1175908.76252829,0.508070856704969,0.508070856704969,0.508070856704969,40712.8108853047,40712.8108853047,40712.8108853047
"54",2003,"no_env_EM_OM2",87323.8950181953,87323.8950181953,87323.8950181953,1175908.76252829,1175908.76252829,1175908.76252829,0.508070856704969,0.508070856704969,0.508070856704969,40712.8108853047,40712.8108853047,40712.8108853047
"55",2004,"env_EM_OM1",98204.6449683624,98204.6449683624,98204.6449683624,3636262.16320072,3636262.16320072,3636262.16320072,0.554194603148933,0.554194603148933,0.554194603148933,40882.6242011054,40882.6242011054,40882.6242011054
"56",2004,"no_env_EM_OM2",98204.6449683624,98204.6449683624,98204.6449683624,3636262.16320072,3636262.16320072,3636262.16320072,0.554194603148933,0.554194603148933,0.554194603148933,40882.6242011054,40882.6242011054,40882.6242011054
"57",2005,"env_EM_OM1",80060.0833235695,80060.0833235695,80060.0833235695,8070089.22338628,8070089.22338628,8070089.22338628,0.527689546912057,0.527689546912057,0.527689546912057,37327.3300692144,37327.3300692144,37327.3300692144
"58",2005,"no_env_EM_OM2",80060.0833235695,80060.0833235695,80060.0833235695,8070089.22338628,8070089.22338628,8070089.22338628,0.527689546912057,0.527689546912057,0.527689546912057,37327.3300692144,37327.3300692144,37327.3300692144
"59",2006,"env_EM_OM1",71248.0901986092,71248.0901986092,71248.0901986092,2220270.48568014,2220270.48568014,2220270.48568014,0.479939534859145,0.479939534859145,0.479939534859145,33908.9247023421,33908.9247023421,33908.9247023421
"60",2006,"no_env_EM_OM2",71248.0901986092,71248.0901986092,71248.0901986092,2220270.48568014,2220270.48568014,2220270.48568014,0.479939534859145,0.479939534859145,0.479939534859145,33908.9247023421,33908.9247023421,33908.9247023421
"61",2007,"env_EM_OM1",88230.8351172132,88230.8351172132,88230.8351172132,6778339.90147562,6778339.90147562,6778339.90147562,0.461770893879179,0.461770893879179,0.461770893879179,30835.7671153316,30835.7671153316,30835.7671153316
"62",2007,"no_env_EM_OM2",88230.8351172132,88230.8351172132,88230.8351172132,6778339.90147562,6778339.90147562,6778339.90147562,0.461770893879179,0.461770893879179,0.461770893879179,30835.7671153316,30835.7671153316,30835.7671153316
"63",2008,"env_EM_OM1",88433.9154106084,88433.9154106084,88433.9154106084,3511643.15459751,3511643.15459751,3511643.15459751,0.361752815075671,0.361752815075671,0.361752815075671,29849.5315879547,29849.5315879547,29849.5315879547
"64",2008,"no_env_EM_OM2",88433.9154106084,88433.9154106084,88433.9154106084,3511643.15459751,3511643.15459751,3511643.15459751,0.361752815075671,0.361752815075671,0.361752815075671,29849.5315879547,29849.5315879547,29849.5315879547
"65",2009,"env_EM_OM1",106516.682693219,106516.682693219,106516.682693219,3480844.98401274,3480844.98401274,3480844.98401274,0.367389670640072,0.367389670640072,0.367389670640072,32841.6295094387,32841.6295094387,32841.6295094387
"66",2009,"no_env_EM_OM2",106516.682693219,106516.682693219,106516.682693219,3480844.98401274,3480844.98401274,3480844.98401274,0.367389670640072,0.367389670640072,0.367389670640072,32841.6295094387,32841.6295094387,32841.6295094387
"67",2010,"env_EM_OM1",100328.123341764,100328.123341764,100328.123341764,1393329.4061574,1393329.4061574,1393329.4061574,0.326934340193616,0.326934340193616,0.326934340193616,28458.1850258864,28458.1850258864,28458.1850258864
"68",2010,"no_env_EM_OM2",100328.123341764,100328.123341764,100328.123341764,1393329.4061574,1393329.4061574,1393329.4061574,0.326934340193616,0.326934340193616,0.326934340193616,28458.1850258864,28458.1850258864,28458.1850258864
"69",2011,"env_EM_OM1",105467.003779123,105467.003779123,105467.003779123,5768792.80677485,5768792.80677485,5768792.80677485,0.319041475319459,0.319041475319459,0.319041475319459,29863.6242240312,29863.6242240312,29863.6242240312
"70",2011,"no_env_EM_OM2",105467.003779123,105467.003779123,105467.003779123,5768792.80677485,5768792.80677485,5768792.80677485,0.319041475319459,0.319041475319459,0.319041475319459,29863.6242240312,29863.6242240312,29863.6242240312
"71",2012,"env_EM_OM1",93165.6337702663,93165.6337702663,93165.6337702663,6457283.36753235,6457283.36753235,6457283.36753235,0.290566991362901,0.290566991362901,0.290566991362901,27344.5299425684,27344.5299425684,27344.5299425684
"72",2012,"no_env_EM_OM2",93165.6337702663,93165.6337702663,93165.6337702663,6457283.36753235,6457283.36753235,6457283.36753235,0.290566991362901,0.290566991362901,0.290566991362901,27344.5299425684,27344.5299425684,27344.5299425684
"73",2013,"env_EM_OM1",109299.050649148,109299.050649148,109299.050649148,1331553.98228835,1331553.98228835,1331553.98228835,0.244927481208671,0.244927481208671,0.244927481208671,25090.1726067433,25090.1726067433,25090.1726067433
"74",2013,"no_env_EM_OM2",109299.050649148,109299.050649148,109299.050649148,1331553.98228835,1331553.98228835,1331553.98228835,0.244927481208671,0.244927481208671,0.244927481208671,25090.1726067433,25090.1726067433,25090.1726067433
"75",2014,"env_EM_OM1",128408.32430271,128408.32430271,128408.32430271,2715916.04662353,2715916.04662353,2715916.04662353,0.24877538731976,0.24877538731976,0.24877538731976,26067.274311874,26067.274311874,26067.274311874
"76",2014,"no_env_EM_OM2",128408.32430271,128408.32430271,128408.32430271,2715916.04662353,2715916.04662353,2715916.04662353,0.24877538731976,0.24877538731976,0.24877538731976,26067.274311874,26067.274311874,26067.274311874
"77",2015,"env_EM_OM1",113680.426241447,113680.426241447,113680.426241447,4772089.00888598,4772089.00888598,4772089.00888598,0.29439931717376,0.29439931717376,0.29439931717376,31174.6487032306,31174.6487032306,31174.6487032306
"78",2015,"no_env_EM_OM2",113680.426241447,113680.426241447,113680.426241447,4772089.00888598,4772089.00888598,4772089.00888598,0.29439931717376,0.29439931717376,0.29439931717376,31174.6487032306,31174.6487032306,31174.6487032306
"79",2016,"env_EM_OM1",97939.3143107135,97939.3143107135,97939.3143107135,3727512.09536777,3727512.09536777,3727512.09536777,0.287284615886755,0.287284615886755,0.287284615886755,27882.0267662842,27882.0267662842,27882.0267662842
"80",2016,"no_env_EM_OM2",97939.3143107135,97939.3143107135,97939.3143107135,3727512.09536777,3727512.09536777,3727512.09536777,0.287284615886755,0.287284615886755,0.287284615886755,27882.0267662842,27882.0267662842,27882.0267662842
"81",2017,"env_EM_OM1",105899.988536247,105899.988536247,105899.988536247,7150342.47989794,7150342.47989794,7150342.47989794,0.259896606354129,0.259896606354129,0.259896606354129,24536.2567867992,24536.2567867992,24536.2567867992
"82",2017,"no_env_EM_OM2",105899.988536247,105899.988536247,105899.988536247,7150342.47989794,7150342.47989794,7150342.47989794,0.259896606354129,0.259896606354129,0.259896606354129,24536.2567867992,24536.2567867992,24536.2567867992
"83",2018,"env_EM_OM1",113292.198068708,113292.198068708,113292.198068708,3222713.70612549,3222713.70612549,3222713.70612549,0.222931500628344,0.222931500628344,0.222931500628344,24101.2056371984,24101.2056371984,24101.2056371984
"84",2018,"no_env_EM_OM2",113292.198068708,113292.198068708,113292.198068708,3222713.70612549,3222713.70612549,3222713.70612549,0.222931500628344,0.222931500628344,0.222931500628344,24101.2056371984,24101.2056371984,24101.2056371984
"85",2019,"env_EM_OM1",135625.98910055,135625.98910055,135625.98910055,7939997.95186675,7939997.95186675,7939997.95186675,0.245238554984329,0.245238554984329,0.245238554984329,28594.8510339713,28594.8510339713,28594.8510339713
"86",2019,"no_env_EM_OM2",135625.98910055,135625.98910055,135625.98910055,7939997.95186675,7939997.95186675,7939997.95186675,0.245238554984329,0.245238554984329,0.245238554984329,28594.8510339713,28594.8510339713,28594.8510339713
"87",2020,"env_EM_OM1",138460.505419739,138460.505419739,138460.505419739,4961658.42052842,4961658.42052842,4961658.42052842,0.248639543717687,0.248639543717687,0.248639543717687,32675.7513697308,32675.7513697308,32675.7513697308
"88",2020,"no_env_EM_OM2",138460.505419739,138460.505419739,138460.505419739,4961658.42052842,4961658.42052842,4961658.42052842,0.248639543717687,0.248639543717687,0.248639543717687,32675.7513697308,32675.7513697308,32675.7513697308
"89",2021,"env_EM_OM1",153453.294605093,153453.294605093,153453.294605093,3132334.9698918,3132334.9698918,3132334.9698918,0.255035639608204,0.255035639608204,0.255035639608204,34678.9064413701,34678.9064413701,34678.9064413701
"90",2021,"no_env_EM_OM2",153453.294605093,153453.294605093,153453.294605093,3132334.9698918,3132334.9698918,3132334.9698918,0.255035639608204,0.255035639608204,0.255035639608204,34678.9064413701,34678.9064413701,34678.9064413701
"91",2022,"env_EM_OM1",161673.289408736,161673.289408736,161673.289408736,3476112.34862645,1076904.91947157,10705525.3852475,0.29690774065382,0.29690774065382,0.29690774065382,41733.7282339814,41733.7282339814,41733.7282339814
"92",2022,"no_env_EM_OM2",162015.719467848,162015.719467848,162015.719467848,4233185.71360951,1183122.60104317,11868390.9547285,0.285479909275849,0.285479909275849,0.285479909275849,40328.2106415382,40328.2106415382,40328.2106415382
"93",2023,"env_EM_OM1",140460.877854166,139725.98090637,141312.708172018,3035852.56611068,1055698.6500908,8616067.48830491,0.263995800068178,0.23376146371317,0.290235440223558,35312.5779013642,31298.4761632072,41663.6865041729
"94",2023,"no_env_EM_OM2",141931.054017234,140969.62202804,142832.813455542,4291202.85692638,1163083.79419427,15028849.7693115,0.256344262348951,0.224703162151096,0.290314340527861,35105.3020005764,30730.303592771,39924.2541154357
"95",2024,"env_EM_OM1",127814.153892723,108140.378059661,178889.978757596,3411385.09964536,860965.559883745,11599176.0049527,0.246922569258106,0.209892019632781,0.309900925018467,30241.1705689722,24283.8765819089,45335.2251868735
"96",2024,"no_env_EM_OM2",132496.600498734,109990.095280136,184692.289862984,3624365.96902788,962964.103465614,13728895.1343739,0.244047211056858,0.208554222834526,0.315872947728397,31479.0091209206,23803.7678284316,51453.3304742124
"97",2025,"env_EM_OM1",117837.470277673,96397.4736344065,196289.971292698,3352623.84886765,1051489.33500261,9287926.45859607,0.247019984184588,0.208651812597734,0.313326075503777,29145.2003939517,21052.9674197841,48076.9864833303
"98",2025,"no_env_EM_OM2",138606.855231734,101885.958991816,230103.386605396,3996127.47058175,964557.278101031,17370035.756829,0.253154331123436,0.206005053521966,0.339321205355114,32913.0493333179,21611.1931692839,70027.7846988154
"99",2026,"env_EM_OM1",126316.431981213,82730.7392668355,193819.025581845,2789471.05654051,1059684.13629382,17326838.3427022,0.251962354464902,0.206455126827984,0.338189811158899,29387.1910892169,18799.8912920327,55110.0891029156
"100",2026,"no_env_EM_OM2",135651.453038844,89522.4868565036,237606.328354428,3628390.85755481,1150695.34489121,11021835.871769,0.260821058276461,0.201097499896057,0.332772146178535,33294.406256365,20054.7521216982,63584.5934937044
"101",2027,"env_EM_OM1",128271.7525609,80209.88102002,207049.134527766,3235247.26322276,857301.906993177,11247897.0515732,0.260802485153767,0.211829455647949,0.35089061477352,33883.3504074141,19304.5860522671,57405.8886620934
"102",2027,"no_env_EM_OM2",145954.921473354,86072.0957524805,307466.880627576,3885560.62382994,1306346.14878224,16050203.9380474,0.268236883891795,0.207725334638815,0.360180767264032,37701.5514877136,20794.374246658,80194.6440986021
"103",2028,"env_EM_OM1",123056.789577965,83627.9445430905,247449.982769715,3474462.32349889,1206005.51378828,10277289.725975,0.260500271029505,0.215530617041565,0.36035741192872,32094.4532286953,18310.0527588012,67802.751837171
"104",2028,"no_env_EM_OM2",156764.491428379,83171.8754999402,269025.042361472,3389457.87948487,1141090.25939786,16264928.4060695,0.25562830551762,0.207024862126683,0.33274141443762,38672.051915168,18658.7977409427,70986.4197376908
"105",2029,"env_EM_OM1",125458.740772854,79237.4038969254,251835.072910736,3560588.38589224,1090192.21252551,12223937.3484432,0.26794547039436,0.204447753240496,0.356568299101721,29464.6786646922,18870.3667927204,62700.5647646606
"106",2029,"no_env_EM_OM2",157568.996561112,84201.7875261076,287419.523065953,3738638.3734534,1107968.81877721,11408230.5055525,0.26574348470848,0.20869435677774,0.337544699852525,37065.2261976269,21785.7181619186,77423.2356720736
"107",2030,"env_EM_OM1",120870.594214448,82493.0135946115,251691.037495146,2822300.06128284,944041.629435909,9623002.40166799,0.272049388144859,0.210524247769133,0.348852335558245,29181.4893475071,19214.3816104255,68081.4570746046
"108",2030,"no_env_EM_OM2",158282.278127605,89264.0256139622,289340.797030592,3511003.20167105,1226692.66331104,11526170.5462059,0.259212670474467,0.206343522418069,0.340101129288165,38755.4883285615,21647.1815962564,79024.9832830722
"109",2031,"env_EM_OM1",133708.016031745,75824.3567033395,286148.530053645,2990065.00464483,929170.490322699,10124912.0005159,0.263274269792819,0.208985726039457,0.378200613101966,32748.8074579188,17454.5136845582,76930.0691216174
"110",2031,"no_env_EM_OM2",156296.835850328,81638.0574709973,274827.276793925,4017970.46259151,1003270.36298181,9111507.38308663,0.250645969820995,0.20152752056456,0.34994682306129,39090.5890064283,21799.4450949672,79594.9126583634
"111",2032,"env_EM_OM1",131448.362402932,69852.3270445569,254597.518665934,3509475.76119848,805910.818089104,11026116.088475,0.263359061786966,0.20440503035395,0.349788444848253,31084.5270385538,18105.3448069376,65426.8290197229
"112",2032,"no_env_EM_OM2",152670.585800497,91153.2297019503,273684.386341145,3949113.96947708,952268.813328173,10427813.491692,0.248551630531093,0.205130811309945,0.338349891310087,35727.8955150433,20779.1176055173,64933.3482348085
"113",2033,"env_EM_OM1",133603.445739725,75885.7753195444,218069.680461279,2944134.51177532,800307.897240767,10074611.0122135,0.261609621696231,0.201789529934358,0.346312151945037,33900.1332279034,20443.155843395,53713.968194283
"114",2033,"no_env_EM_OM2",149470.155319746,97983.4127707005,236576.971368693,4331537.80828417,1190095.27091902,11457548.6884015,0.246133446178224,0.206495564362465,0.313005700743466,34633.7152391745,21776.531298971,58166.7048171112
"115",2034,"env_EM_OM1",124242.823126429,83729.0841726449,217165.058468494,3005016.13827838,826807.400285111,10545251.5931045,0.264320021005,0.207121657058886,0.346414032904287,32660.9830628849,21342.7321797947,51016.2611260372
"116",2034,"no_env_EM_OM2",142131.287387433,89923.5350814853,246148.00722295,4807535.82486457,1130283.17460594,11090645.7150062,0.254943523578107,0.209216384624123,0.32658494220931,34984.5277692232,19432.2052602287,59524.4325035067
"117",2035,"env_EM_OM1",126631.444041938,90058.7254136467,223079.716097328,3038268.22506719,1145433.04400193,9188919.50712241,0.271838780840961,0.210402429277544,0.360286165293411,32033.8684693404,20749.4598761904,59194.4241429858
"118",2035,"no_env_EM_OM2",153006.864141018,86645.2254421059,245942.340446877,5510958.34353258,1081275.38131127,15848045.8973968,0.256859199333648,0.208454764627477,0.355791018104207,36535.5623093163,21385.8685557431,64264.1822738462
"119",2036,"env_EM_OM1",116316.28900115,79957.1482895288,227129.622722399,2629588.84716188,816466.706634869,8752551.24454919,0.262433499479636,0.212475445340259,0.348014448773726,30518.1863340411,18625.6733937411,61649.6253535678
"120",2036,"no_env_EM_OM2",157001.683597386,97787.4107631137,216954.172584094,4674372.34919308,1119114.39998019,13321486.2537349,0.263826239765747,0.222300633165045,0.368214941841,38590.350395485,24854.4656000087,61200.8696701352
"121",2037,"env_EM_OM1",131609.178481794,74791.8881861229,241890.678593176,2571017.49920603,877172.120624551,8832271.97724839,0.263549980888511,0.211548571102743,0.338008794884303,31515.1312832257,18666.353789802,62171.1171862281
"122",2037,"no_env_EM_OM2",163833.480347632,103166.675778222,250216.096653685,4280721.13860124,1668626.53612297,10090315.2055748,0.265268083306413,0.200479339394062,0.369640343725225,36576.5515500645,21287.5066308269,72371.0549736759
"123",2038,"env_EM_OM1",126813.446382708,76774.7041222683,192906.628482842,3280781.69353572,741100.05938076,14635586.026025,0.269627307155095,0.204971116440077,0.361099227587536,33242.5116999555,19729.0008563217,49895.2805506688
"124",2038,"no_env_EM_OM2",164026.429828587,97299.4158870295,260861.04031261,3963117.25931291,1684260.7490714,11788187.6101444,0.268158779663703,0.207968123177963,0.359867727175413,40502.6222894516,21908.5791159124,63531.7168722366
"125",2039,"env_EM_OM1",127487.547069117,70365.2965966638,179155.622778341,2753508.85357859,854179.622780013,9003216.0918446,0.259055632172007,0.210743435780592,0.34794488516515,31898.7128081842,17315.467444084,50208.6387500983
"126",2039,"no_env_EM_OM2",162863.663854943,101537.022941457,247524.661293642,3860788.88061856,1009368.65374696,13849228.5324166,0.264516208508064,0.218387652166564,0.326867276698212,39211.2793804265,23642.5836163394,62118.2692789229
"127",2040,"env_EM_OM1",120600.611148705,78445.411819853,241872.551279933,3238931.45649955,1305927.47150574,10479976.6053302,0.259480933743932,0.21069431604863,0.368992595079633,30724.1490534902,18100.2127668645,62458.0308752602
"128",2040,"no_env_EM_OM2",159470.535708545,108578.91781344,248565.202705062,3946915.01266634,1387400.69067416,13374651.4293467,0.263036612857781,0.20272982442035,0.313484170984368,38175.0710361122,23329.503795243,61015.864235785
"129",2041,"env_EM_OM1",113957.206468775,72512.4766190252,220034.782838275,2968642.80099004,899067.957016733,8754932.73875567,0.268709376879553,0.210631237733955,0.346090499858644,29988.540696468,16214.491491666,63610.5828750082
"130",2041,"no_env_EM_OM2",157023.81546997,98683.5837933877,256261.033851369,3429835.46284949,850335.460743327,8633976.33777476,0.251129179890536,0.200555643314955,0.340675074998473,37631.2928160722,22788.2361412152,65671.0036743951
"131",2042,"env_EM_OM1",117425.517565524,75080.3602594486,231999.012616246,3697454.33192595,730122.315459904,9652710.11225532,0.264774604577827,0.218448714353463,0.34076819739577,30225.3185873806,17873.613036459,61686.7319393159
"132",2042,"no_env_EM_OM2",159659.600650111,95689.6252342627,283591.362650304,4169888.22847231,1065504.09027199,15495234.9129144,0.257116914822333,0.196847007776869,0.341236856786869,38417.8598642812,21372.4313550827,68634.2440536625
"133",2043,"env_EM_OM1",123838.653957623,68521.8378430737,209832.068755253,3564037.72233744,785831.728756176,11702097.1866473,0.264659623462348,0.222752550283567,0.359280465607678,30890.6347438732,17723.7267721488,54085.1933734138
"134",2043,"no_env_EM_OM2",143743.767482607,95244.4369934525,258285.364449344,3509511.4056184,1220952.54166642,12356821.0588138,0.259989381149264,0.201042695931207,0.320040909116419,37752.2700518257,21249.9088599665,67185.9817263768
"135",2044,"env_EM_OM1",121704.425537539,72896.1948776195,197752.935794812,2949554.69225172,877409.847927658,6772639.36094806,0.276744116992112,0.224809724845071,0.343537331298144,30996.7718171358,18170.5484382651,59434.3747535086
"136",2044,"no_env_EM_OM2",163000.835238419,90343.3514805871,248891.717355431,4119079.23310446,1033348.80902866,17015216.4021689,0.255605547014157,0.196152548506059,0.342062454223277,38040.5428759049,20951.8903146072,70915.2341124177
"137",2045,"env_EM_OM1",120182.692565161,68998.1189051902,237738.156035283,2912313.24219449,769059.682864587,11494631.4142498,0.272540174552471,0.223165433921569,0.368180379399976,31120.0559944376,16450.1945105797,58818.5242974326
"138",2045,"no_env_EM_OM2",146860.438024918,93613.0292677841,301917.464263811,5009538.28381796,1028156.57019769,12971010.3384443,0.253716169859331,0.201819190959485,0.328637840696417,35271.0745250633,19209.0445174216,76315.2209314048
"139",2046,"env_EM_OM1",123105.689632236,66056.4362686794,211084.851020423,3309694.18182391,869203.596191321,11143715.1939317,0.274115984271824,0.215468591994954,0.326890846254236,30996.6669465627,16525.5606388502,57330.730869094
"140",2046,"no_env_EM_OM2",155834.102457123,84594.0598404057,337180.327469157,4513258.70570168,1172266.68320756,15884423.4707983,0.263459018092152,0.200262646121143,0.36446820673835,40109.5056457912,20077.7859926877,86576.714938147
"141",2047,"env_EM_OM1",123141.48132652,66701.7905564051,204696.882556954,3219252.24488335,955454.718071194,13134050.8063463,0.274040272021889,0.226848172888096,0.362856015591549,32062.7671424333,18189.6747202631,57362.3090424452
"142",2047,"no_env_EM_OM2",171766.557056944,86195.164983089,301153.27439698,4323526.32647545,1349446.77440832,10757687.9405912,0.270867775268702,0.206281427259295,0.34671584674247,45411.7861288353,22564.3048840791,81299.6380330987
"143",2048,"env_EM_OM1",125314.893940518,76610.4979277816,206119.190722098,3271892.91705204,961974.288366667,9149702.20486237,0.278557749018796,0.223695400254454,0.379620885847107,33420.819176402,19386.7434837752,54670.634437222
"144",2048,"no_env_EM_OM2",170012.525080903,104856.495102655,300456.122351978,3437714.03021458,1042850.46558538,8395876.21170708,0.269247295102249,0.205859908340479,0.367694522359036,41281.3657153383,23301.8740557539,85230.9362442752
"145",2049,"env_EM_OM1",135486.255110555,77290.7311218203,188511.408526375,2602590.5907547,538615.721810383,10446008.0515495,0.290824847673157,0.226989399555076,0.359691639633821,36140.062209352,19452.601727637,59907.8025636916
"146",2049,"no_env_EM_OM2",170961.988754857,111205.121450376,275270.023014455,3142411.25391326,995727.420151289,14200890.9011957,0.267099666566957,0.198998464506247,0.32771896176541,40451.8282401977,25845.8900446756,66628.6667833693
"147",2050,"env_EM_OM1",124903.919809519,78730.1969045313,240730.509364745,3899090.9084396,1107467.40377196,9911933.86439501,0.267893996483931,0.225557923656312,0.347927442709629,31555.7178164208,20392.4204758859,59670.0893039717
"148",2050,"no_env_EM_OM2",169854.968452886,100406.740366552,238480.00863468,3778992.96954939,1092846.96978746,13463328.7219335,0.251565113419069,0.202303845688091,0.330902953995904,40388.1344699085,24945.1451511894,60494.4326628693
"149",2051,"env_EM_OM1",119772.783099503,78269.5858660628,200946.184680981,3179390.65171013,952870.869876386,10028254.8607591,0.270371113646577,0.207168021350751,0.350192304650106,29697.3875914293,18673.3779501838,54174.8847021715
"150",2051,"no_env_EM_OM2",150981.987505704,106406.462884683,245652.489359229,3830226.73994174,947267.635394157,12790904.7392656,0.256872698721301,0.200077111416721,0.336819866025079,38480.7308081094,26318.1767566174,57503.0631749969
"151",2052,"env_EM_OM1",126728.93872443,70668.8912675127,201573.712897045,3479549.82103211,784518.964215491,10998090.7154773,0.273981765512657,0.219286313442947,0.347457146766998,31630.2408740157,17560.9753845334,56241.6988204696
"152",2052,"no_env_EM_OM2",149291.253291083,104630.317183923,263053.884079209,3679729.58903148,1008556.35530818,11959384.3126875,0.256636848085394,0.19243404956578,0.349803302601932,35563.6531417958,23816.0133063187,64254.0604997955
"153",2053,"env_EM_OM1",130810.823167696,76089.1574778912,192658.279185438,2352701.71971599,756805.300958139,10105654.5269775,0.269992834033392,0.21626557811297,0.348270791110977,32771.1798266084,17791.8172954648,49815.5139276203
"154",2053,"no_env_EM_OM2",145432.188342966,101139.909588874,291923.524673613,3381833.32410394,1352081.38704202,16058067.2563853,0.253210827593458,0.20588493905983,0.347976567529129,35149.4370978708,23408.2229771008,69314.6952800485
"155",2054,"env_EM_OM1",122575.323009794,78406.8650104623,206216.038050374,2165296.56587053,705806.371630565,8599923.97282767,0.26921272096397,0.216102645879178,0.349397081941601,30507.0321420396,17765.6439204306,52794.2047129691
"156",2054,"no_env_EM_OM2",152810.073569108,101457.702238391,255435.431310213,4636022.56604563,1561674.34819965,18178591.3998025,0.254037810413299,0.206016853785966,0.360417369526717,35843.0614277863,22253.7030302609,73586.9284508073
"157",2055,"env_EM_OM1",119000.235389184,71093.5844658933,231412.414098833,3107133.58403721,989247.661910188,10244369.1197867,0.272090006958705,0.218388863707689,0.330936283715436,29322.8968851498,15141.648319262,54566.92909611
"158",2055,"no_env_EM_OM2",144983.656621471,95189.24774747,249953.180292299,3902164.23551505,1426182.53484365,11463261.5154574,0.254914949270052,0.198341196812629,0.363797650350015,35292.0514818192,23380.5791004419,71134.6492843649
"159",2056,"env_EM_OM1",110789.845347044,68253.4792930832,202855.297445718,3091948.60507302,857061.558374869,9051767.79403851,0.255471844847965,0.209396227749915,0.351545179631323,27080.6757474844,17695.2116237211,55549.1492760583
"160",2056,"no_env_EM_OM2",152731.174774166,102867.297962996,297666.600682316,4024324.96745134,1224084.45199564,12539250.6839957,0.265455462780824,0.212870644162569,0.333791857308987,37499.1890554237,23177.3758962831,69681.6259748785
"161",2057,"env_EM_OM1",114954.056342147,71114.7366118611,225730.665558637,2877760.66660976,816854.824587125,7121152.15276021,0.263120652158763,0.200973694075062,0.360342136017501,28208.5758665777,17285.1560741329,60819.4199632963
"162",2057,"no_env_EM_OM2",154432.69849044,97410.2429069152,306280.362177862,3308417.74131385,792162.225898597,14310817.5995109,0.268479912173861,0.219902961741354,0.37254357498113,39479.9119433802,23327.8437122936,85087.2373649182
"163",2058,"env_EM_OM1",107751.835905031,69537.5444613226,219445.686537825,2810445.60319957,677800.508603391,10490402.7277263,0.256051090927234,0.210004161210905,0.333878320535638,26800.0678375765,16423.6334283426,59848.0966717545
"164",2058,"no_env_EM_OM2",174054.135982052,95029.4244830727,274810.393103078,3321306.13447069,1115842.39120724,14739693.4395499,0.258894129602646,0.211965254408804,0.337838512992598,41977.6784299957,21950.8832827697,75218.1308064297
"165",2059,"env_EM_OM1",108098.917472174,69799.1775936184,179731.110375288,2904296.07145748,765717.747348159,10409015.3666732,0.267218317754243,0.211526490388012,0.321510836910508,28458.5503318744,17037.3493214845,46686.6641623982
"166",2059,"no_env_EM_OM2",162474.649933868,91427.7553928995,319479.316717285,4249997.766321,901753.238576382,13330949.6735184,0.252242227847543,0.206264104345386,0.339687456282021,38553.1584508941,20704.1600419471,79445.5555106341
"167",2060,"env_EM_OM1",106666.847135538,68871.1762740979,191174.399185694,2330833.94067978,811078.88917404,10103234.9015263,0.253700593074104,0.215312453807134,0.338148108088963,27396.9763865366,16091.1542855868,49090.4695932645
"168",2060,"no_env_EM_OM2",165145.909385699,88841.7839494051,281776.04694618,3782259.47094393,1563547.70813948,9387428.44498077,0.268813030368994,0.202339837199837,0.3497045745003,40710.5018850151,20080.1110318075,72063.2108372276
