"","scenario","stock","year","indicator","q05","q50","q95"
"1","CCpe85","HKE",2000,"catch",0,0,0
"2","CCpe85","HKE",2000,"f",0,0,0
"3","CCpe85","HKE",2000,"rec",439243.8,439243.8,439243.8
"4","CCpe85","HKE",2000,"ssb",39051.6,39051.6,39051.6
"5","CCpe85","HKE",2001,"catch",0,0,0
"6","CCpe85","HKE",2001,"f",0,0,0
"7","CCpe85","HKE",2001,"rec",759622.6,759622.6,759622.6
"8","CCpe85","HKE",2001,"ssb",40741,40741,40741
"9","CCpe85","HKE",2002,"catch",0,0,0
"10","CCpe85","HKE",2002,"f",0,0,0
"11","CCpe85","HKE",2002,"rec",589414,589414,589414
"12","CCpe85","HKE",2002,"ssb",40091.7,40091.7,40091.7
"13","CCpe85","HKE",2003,"catch",0,0,0
"14","CCpe85","HKE",2003,"f",0,0,0
"15","CCpe85","HKE",2003,"rec",445110,445110,445110
"16","CCpe85","HKE",2003,"ssb",41879.7,41879.7,41879.7
"17","CCpe85","HKE",2004,"catch",0,0,0
"18","CCpe85","HKE",2004,"f",0,0,0
"19","CCpe85","HKE",2004,"rec",1099152,1099152,1099152
"20","CCpe85","HKE",2004,"ssb",44535.8,44535.8,44535.8
"21","CCpe85","HKE",2005,"catch",0,0,0
"22","CCpe85","HKE",2005,"f",0,0,0
"23","CCpe85","HKE",2005,"rec",569922,569922,569922
"24","CCpe85","HKE",2005,"ssb",43041.9,43041.9,43041.9
"25","CCpe85","HKE",2006,"catch",0,0,0
"26","CCpe85","HKE",2006,"f",0,0,0
"27","CCpe85","HKE",2006,"rec",1192018,1192018,1192018
"28","CCpe85","HKE",2006,"ssb",45885.1,45885.1,45885.1
"29","CCpe85","HKE",2007,"catch",0,0,0
"30","CCpe85","HKE",2007,"f",0,0,0
"31","CCpe85","HKE",2007,"rec",2159006,2159006,2159006
"32","CCpe85","HKE",2007,"ssb",64177.8,64177.8,64177.8
"33","CCpe85","HKE",2008,"catch",0,0,0
"34","CCpe85","HKE",2008,"f",0,0,0
"35","CCpe85","HKE",2008,"rec",1712402,1712402,1712402
"36","CCpe85","HKE",2008,"ssb",82270.4,82270.4,82270.4
"37","CCpe85","HKE",2009,"catch",0,0,0
"38","CCpe85","HKE",2009,"f",0,0,0
"39","CCpe85","HKE",2009,"rec",540531.8,540531.8,540531.8
"40","CCpe85","HKE",2009,"ssb",125660,125660,125660
"41","CCpe85","HKE",2010,"catch",0,0,0
"42","CCpe85","HKE",2010,"f",0,0,0
"43","CCpe85","HKE",2010,"rec",932764,932764,932764
"44","CCpe85","HKE",2010,"ssb",202255,202255,202255
"45","CCpe85","HKE",2011,"catch",0,0,0
"46","CCpe85","HKE",2011,"f",0,0,0
"47","CCpe85","HKE",2011,"rec",1065938,1065938,1065938
"48","CCpe85","HKE",2011,"ssb",253759,253759,253759
"49","CCpe85","HKE",2012,"catch",0,0,0
"50","CCpe85","HKE",2012,"f",0,0,0
"51","CCpe85","HKE",2012,"rec",2031048,2031048,2031048
"52","CCpe85","HKE",2012,"ssb",253980,253980,253980
"53","CCpe85","HKE",2013,"catch",0,0,0
"54","CCpe85","HKE",2013,"f",0,0,0
"55","CCpe85","HKE",2013,"rec",940459.2,940459.2,940459.2
"56","CCpe85","HKE",2013,"ssb",248863,248863,248863
"57","CCpe85","HKE",2014,"catch",0,0,0
"58","CCpe85","HKE",2014,"f",0,0,0
"59","CCpe85","HKE",2014,"rec",659780,659780,659780
"60","CCpe85","HKE",2014,"ssb",267180,267180,267180
"61","CCpe85","HKE",2015,"catch",0,0,0
"62","CCpe85","HKE",2015,"f",0,0,0
"63","CCpe85","HKE",2015,"rec",828652,828652,828652
"64","CCpe85","HKE",2015,"ssb",294240,294240,294240
"65","CCpe85","HKE",2016,"catch",0,0,0
"66","CCpe85","HKE",2016,"f",0,0,0
"67","CCpe85","HKE",2016,"rec",1149078,1149078,1149078
"68","CCpe85","HKE",2016,"ssb",289381,289381,289381
"69","CCpe85","HKE",2017,"catch",0,0,0
"70","CCpe85","HKE",2017,"f",0,0,0
"71","CCpe85","HKE",2017,"rec",983550,983550,983550
"72","CCpe85","HKE",2017,"ssb",252412,252412,252412
"73","CCpe85","HKE",2018,"catch",0,0,0
"74","CCpe85","HKE",2018,"f",0,0,0
"75","CCpe85","HKE",2018,"rec",676762,676762,676762
"76","CCpe85","HKE",2018,"ssb",220187,220187,220187
"77","CCpe85","HKE",2019,"catch",96067.4431754973,96067.4431754973,96067.4431754973
"78","CCpe85","HKE",2019,"f",0.209689834873581,0.209689834873581,0.209689834873581
"79","CCpe85","HKE",2019,"rec",812396.4,812396.4,812396.4
"80","CCpe85","HKE",2019,"ssb",206897,206897,206897
"81","CCpe85","HKE",2020,"catch",83401.6266608402,83401.6266608402,83401.6266608402
"82","CCpe85","HKE",2020,"f",0.189343572681526,0.189343572681526,0.189343572681526
"83","CCpe85","HKE",2020,"rec",500738.2,500738.2,500738.2
"84","CCpe85","HKE",2020,"ssb",199969,199969,199969
"85","CCpe85","HKE",2021,"catch",78260.6189079861,78260.6189079861,78260.6189079861
"86","CCpe85","HKE",2021,"f",0.182313317019013,0.182313317019013,0.182313317019013
"87","CCpe85","HKE",2021,"rec",573606,573606,573606
"88","CCpe85","HKE",2021,"ssb",195117,195117,195117
"89","CCpe85","HKE",2022,"catch",74934,74934,74934
"90","CCpe85","HKE",2022,"f",0.295403624585496,0.299805107366913,0.303397293383811
"91","CCpe85","HKE",2022,"rec",537221.030014285,935403.290358524,2066224.78579518
"92","CCpe85","HKE",2022,"ssb",121294.615843005,123432.101350271,125681.978176766
"93","CCpe85","HKE",2023,"catch",88136.585356057,88136.585356057,88136.585356057
"94","CCpe85","HKE",2023,"f",0.424272098344222,0.447896076711412,0.459617635219843
"95","CCpe85","HKE",2023,"rec",446606.54175619,950606.652817502,2189237.05475117
"96","CCpe85","HKE",2023,"ssb",100741.479074476,102692.178971343,104753.775069767
"97","CCpe85","HKE",2024,"catch",57994.8679153448,61897.7333751726,73650.3839096437
"98","CCpe85","HKE",2024,"f",0.377627725880487,0.405132765365323,0.422665123020915
"99","CCpe85","HKE",2024,"rec",411167.334229356,869591.420285729,1653253.08411204
"100","CCpe85","HKE",2024,"ssb",71510.1837941298,75197.5454621454,87225.5238302124
"101","CCpe85","HKE",2025,"catch",27304.5954531977,40304.0994168509,60485.1077603699
"102","CCpe85","HKE",2025,"f",0.217935516695301,0.266216178920385,0.285969778351835
"103","CCpe85","HKE",2025,"rec",424342.299761144,813163.637930098,1498192.40422347
"104","CCpe85","HKE",2025,"ssb",58839.1934870806,71280.6909372552,103433.13172985
"105","CCpe85","HKE",2026,"catch",0,32032.2371170509,56224.3508684608
"106","CCpe85","HKE",2026,"f",0,0.179637197058175,0.218368599562848
"107","CCpe85","HKE",2026,"rec",399480.381932449,827513.724097093,1920221.64155803
"108","CCpe85","HKE",2026,"ssb",62434.0722404994,81140.5169677706,132096.855538394
"109","CCpe85","HKE",2027,"catch",29859.5292890383,45476.118584221,68725.8707765533
"110","CCpe85","HKE",2027,"f",0.160989624666477,0.216700389606744,0.227630028289534
"111","CCpe85","HKE",2027,"rec",442945.484223587,887099.025067152,1790851.73344604
"112","CCpe85","HKE",2027,"ssb",82402.4450889024,101168.439719443,153463.82414896
"113","CCpe85","HKE",2028,"catch",47474.9243067589,58765.4024992861,82230.5312968813
"114","CCpe85","HKE",2028,"f",0.23650758102212,0.250190665896439,0.301137310497896
"115","CCpe85","HKE",2028,"rec",433262.697830299,959796.096323103,1860723.99013468
"116","CCpe85","HKE",2028,"ssb",86950.9954317473,110057.738541735,159496.726599863
"117","CCpe85","HKE",2029,"catch",46210.7200825335,59018.4559360666,90927.5526975068
"118","CCpe85","HKE",2029,"f",0.240804711865386,0.251984030622374,0.285855027972236
"119","CCpe85","HKE",2029,"rec",437217.578517121,990894.623717292,2572985.5980932
"120","CCpe85","HKE",2029,"ssb",81735.7056129213,109497.558619169,174965.394544377
"121","CCpe85","HKE",2030,"catch",40514.4650761572,55440.3207182439,89485.9771899171
"122","CCpe85","HKE",2030,"f",0.229961614736622,0.240317877019591,0.25104442407079
"123","CCpe85","HKE",2030,"rec",408389.765546408,973345.077940585,1895576.40506778
"124","CCpe85","HKE",2030,"ssb",79692.8338088926,109076.102476838,176206.884860175
"125","CCpe85","HKE",2031,"catch",39903.7782583301,56434.6648676816,92250.3390772622
"126","CCpe85","HKE",2031,"f",0.222139330048043,0.234223561908761,0.245845853289245
"127","CCpe85","HKE",2031,"rec",476054.202818286,923541.256339495,2072770.75758747
"128","CCpe85","HKE",2031,"ssb",81870.2265968983,113642.31646822,180525.135163797
"129","CCpe85","HKE",2032,"catch",40590.0600613873,58162.3810948872,98721.0160808326
"130","CCpe85","HKE",2032,"f",0.226964789675101,0.237291933166497,0.2490212622233
"131","CCpe85","HKE",2032,"rec",462179.275942435,971035.826745058,2347929.020695
"132","CCpe85","HKE",2032,"ssb",83258.2120241354,117582.056055578,199233.588558477
"133","CCpe85","HKE",2033,"catch",43753.4704198965,61740.1250054442,101844.030767855
"134","CCpe85","HKE",2033,"f",0.227803695397347,0.240226382967107,0.24995802285958
"135","CCpe85","HKE",2033,"rec",437414.417628791,935159.038795621,2205043.67019441
"136","CCpe85","HKE",2033,"ssb",85318.8523170697,122279.954995845,202442.020542367
"137","CCpe85","HKE",2034,"catch",43224.2389184327,64106.2118554345,104799.278668525
"138","CCpe85","HKE",2034,"f",0.230912400673504,0.241465978131162,0.250475099422465
"139","CCpe85","HKE",2034,"rec",469145.729369702,1093658.69173856,2097180.91669657
"140","CCpe85","HKE",2034,"ssb",85528.9252699335,128405.362944907,211156.957784253
"141","CCpe85","HKE",2035,"catch",42756.725207806,63866.6333189143,108281.413760172
"142","CCpe85","HKE",2035,"f",0.225996094811964,0.238901263201677,0.248229876927754
"143","CCpe85","HKE",2035,"rec",363403.354807998,934241.762342424,2320758.87341228
"144","CCpe85","HKE",2035,"ssb",83765.0226181918,126096.014541088,212170.935351727
"145","CCpe85","HKE",2036,"catch",40655.6168944159,64805.4098479545,104595.706721578
"146","CCpe85","HKE",2036,"f",0.225187525423787,0.238516896242554,0.247842528041557
"147","CCpe85","HKE",2036,"rec",476522.227049627,1054901.49940619,2356455.43560628
"148","CCpe85","HKE",2036,"ssb",79802.201597165,128347.696373317,212050.915173495
"149","CCpe85","HKE",2037,"catch",41442.1934644011,65950.0985151216,103950.97520988
"150","CCpe85","HKE",2037,"f",0.229049126792611,0.238890042022012,0.248371022530503
"151","CCpe85","HKE",2037,"rec",436340.720639183,969672.016854156,2591660.3589677
"152","CCpe85","HKE",2037,"ssb",81168.5123592548,132241.069539584,206710.024026929
"153","CCpe85","HKE",2038,"catch",43139.5956050176,68496.4247909096,105595.394044414
"154","CCpe85","HKE",2038,"f",0.226244710145031,0.238332766639233,0.249146969828416
"155","CCpe85","HKE",2038,"rec",409585.797806068,1016479.19136963,2122608.16433632
"156","CCpe85","HKE",2038,"ssb",84383.0605970928,135600.061234799,215571.535450679
"157","CCpe85","HKE",2039,"catch",45109.5292367469,68909.1338825494,113719.731713411
"158","CCpe85","HKE",2039,"f",0.225273147378696,0.240016271246175,0.251742984397475
"159","CCpe85","HKE",2039,"rec",588252.297914791,1085531.5034476,2485231.36881235
"160","CCpe85","HKE",2039,"ssb",89643.4282056221,137353.342619312,226725.323000603
"161","CCpe85","HKE",2040,"catch",45099.9180890496,69271.9026407623,113436.069042581
"162","CCpe85","HKE",2040,"f",0.225614893353361,0.239781893036747,0.250430332386891
"163","CCpe85","HKE",2040,"rec",474665.857512907,1023373.54323714,2355409.35976347
"164","CCpe85","HKE",2040,"ssb",89392.2074537616,137643.61602721,226666.369816004
"165","CCpe85","HKE",2041,"catch",45371.3503154425,67845.6835754199,109625.21725199
"166","CCpe85","HKE",2041,"f",0.227494485729447,0.238897046253415,0.249364276764296
"167","CCpe85","HKE",2041,"rec",475821.226214783,1024022.31041679,1862508.97716532
"168","CCpe85","HKE",2041,"ssb",88996.5401645027,137567.638987055,222573.105249653
"169","CCpe85","HKE",2042,"catch",45488.1672054058,69106.9782559062,113307.261867155
"170","CCpe85","HKE",2042,"f",0.228832504739986,0.238931750135864,0.249131387990678
"171","CCpe85","HKE",2042,"rec",521521.67994089,948729.473693524,2341463.02797554
"172","CCpe85","HKE",2042,"ssb",89740.0123092358,137632.164009176,230052.201614456
"173","CCpe85","HKE",2043,"catch",43645.1005270632,71223.4617049585,112271.101808547
"174","CCpe85","HKE",2043,"f",0.228900148750307,0.239298020891854,0.249746309598226
"175","CCpe85","HKE",2043,"rec",416635.370129091,995279.626572518,2037328.16206139
"176","CCpe85","HKE",2043,"ssb",86896.3543822466,143479.983111355,231387.173825155
"177","CCpe85","HKE",2044,"catch",43567.8358237409,68314.4111947225,115875.167249989
"178","CCpe85","HKE",2044,"f",0.228183817240807,0.239008799383747,0.246951680032769
"179","CCpe85","HKE",2044,"rec",461321.19248517,1028555.34029379,2350639.06440538
"180","CCpe85","HKE",2044,"ssb",88470.3929408756,136555.195236367,233173.868415986
"181","CCpe85","HKE",2045,"catch",45363.848161865,68346.6884626189,115696.605999452
"182","CCpe85","HKE",2045,"f",0.229225380670483,0.237824095888764,0.246564617497059
"183","CCpe85","HKE",2045,"rec",489228.692189564,1005743.05510704,2203654.5038622
"184","CCpe85","HKE",2045,"ssb",89085.0822301261,132356.562438695,232984.74740002
"185","CCpe85","HKE",2046,"catch",45022.6120549727,65436.4195936981,114355.010727798
"186","CCpe85","HKE",2046,"f",0.228839234750554,0.236271617127564,0.246313612038881
"187","CCpe85","HKE",2046,"rec",483022.666640884,1070971.6194419,2158993.69376277
"188","CCpe85","HKE",2046,"ssb",86825.1656580836,128447.348095182,223655.451163296
"189","CCpe85","HKE",2047,"catch",43689.0889979738,64996.8735396012,114417.032367109
"190","CCpe85","HKE",2047,"f",0.2273097431012,0.237994073261814,0.244871642146865
"191","CCpe85","HKE",2047,"rec",435468.119372332,999477.363141849,2224131.76193297
"192","CCpe85","HKE",2047,"ssb",84761.1947005176,130098.127043837,232840.263118878
"193","CCpe85","HKE",2048,"catch",41783.1969402474,68857.7690302315,109684.705547282
"194","CCpe85","HKE",2048,"f",0.226311509624266,0.238698675396329,0.248640987733028
"195","CCpe85","HKE",2048,"rec",466708.610547093,1079603.63804208,2402234.89114764
"196","CCpe85","HKE",2048,"ssb",82869.9379117068,139451.112946063,220460.984885724
"197","CCpe85","HKE",2049,"catch",42968.9446758431,70673.5795752513,106484.544803819
"198","CCpe85","HKE",2049,"f",0.228660787278724,0.238875071114494,0.246659943701329
"199","CCpe85","HKE",2049,"rec",549427.624706286,1098284.49979069,2674312.71856193
"200","CCpe85","HKE",2049,"ssb",81450.3483511254,140141.9169652,213559.814386528
"201","CCpe85","HKE",2050,"catch",44990.544379295,71907.9606924861,109398.876045891
"202","CCpe85","HKE",2050,"f",0.229193819444541,0.238531989305798,0.24853435639939
"203","CCpe85","HKE",2050,"rec",398738.244594633,1074436.25632159,2277357.99657345
"204","CCpe85","HKE",2050,"ssb",88921.0982172989,140466.09845141,219100.315017436
